iter	AUC
0	0.9511429094
1	0.9700094162
2	0.9720375998
3	0.9726686188
4	0.9730375457
5	0.9732859344
6	0.9736601522
